"","Neg","Pos"
"1",13.0588573997498,13.6664890993296
"2",13.275477953156,13.8702954400163
